City_ID,City,County,Lat,Lng,Max Temp,Humidity,Cloudiness,Wind Speed,Current Description
0,Hachinohe,JP,40.5,141.5,68.63,58,82,10.6,broken clouds
1,Bandarbeyla,SO,9.4942,50.8122,82.69,61,61,25.68,broken clouds
2,Longyearbyen,SJ,78.2186,15.6401,35.44,64,0,10.36,clear sky
3,Vardo,NO,70.3705,31.1107,35.8,66,55,9.98,broken clouds
4,Cape Town,ZA,-33.9258,18.4232,46.89,82,0,3.0,clear sky
5,Jamestown,US,42.097,-79.2353,60.39,88,40,5.75,scattered clouds
6,Barrow,US,71.2906,-156.7887,37.42,75,1,14.97,clear sky
7,Almaznyy,RU,48.0448,40.045,55.54,45,28,7.36,scattered clouds
8,Zima,RU,53.9202,102.0442,42.48,91,100,2.64,light rain
9,Chokurdakh,RU,70.6333,147.9167,35.67,68,100,20.69,overcast clouds
10,Opuwo,NA,-18.0607,13.84,61.59,27,0,1.97,clear sky
11,Kamarion,GR,36.8,25.8167,71.74,71,0,22.75,clear sky
12,Hilo,US,19.7297,-155.09,76.28,86,90,4.61,light rain
13,Bethel,US,41.3712,-73.414,67.05,88,1,3.44,clear sky
14,Albany,US,42.6001,-73.9662,59.52,89,0,5.19,clear sky
15,Rikitea,PF,-23.1203,-134.9692,73.81,71,83,3.65,broken clouds
16,Ballina,AU,-28.8667,153.5667,71.78,44,5,12.66,clear sky
17,Yar-Sale,RU,66.8333,70.8333,45.23,69,88,21.74,overcast clouds
18,Broken Hill,AU,-31.95,141.4333,64.11,39,4,8.05,clear sky
19,Punta Arenas,CL,-53.15,-70.9167,37.51,87,0,9.22,clear sky
20,Katoro,TZ,-3.0203,31.8958,68.14,68,26,3.42,light rain
21,Mataura,NZ,-46.1927,168.8643,48.47,96,100,6.55,overcast clouds
22,Butaritari,KI,3.0707,172.7902,82.44,75,47,15.43,moderate rain
23,Hobart,AU,-42.8794,147.3294,56.26,50,75,3.0,broken clouds
24,Dingle,PH,10.9995,122.6711,76.59,93,100,6.44,light rain
25,Lata,PT,40.1629,-8.3327,70.21,91,95,4.76,overcast clouds
26,Qaanaaq,GL,77.484,-69.3632,15.17,64,92,8.39,overcast clouds
27,Port Hardy,CA,50.6996,-127.4199,57.38,94,90,2.3,light intensity shower rain
28,Bundaberg,AU,-24.85,152.35,75.49,13,0,10.36,clear sky
29,Nanortalik,GL,60.1432,-45.2371,40.6,85,77,13.31,broken clouds
30,Upernavik,GL,72.7868,-56.1549,28.29,69,89,4.43,overcast clouds
31,Aboisso,CI,5.4678,-3.2071,72.14,98,88,3.04,overcast clouds
32,Tuktoyaktuk,CA,69.4541,-133.0374,41.0,87,90,20.71,overcast clouds
33,Thompson,CA,55.7435,-97.8558,53.76,94,75,3.44,broken clouds
34,Tiznit,MA,29.5833,-9.5,75.65,37,31,1.63,scattered clouds
35,Bredasdorp,ZA,-34.5322,20.0403,40.28,93,0,3.44,clear sky
36,Chuy,UY,-33.6971,-53.4616,55.72,87,100,13.4,overcast clouds
37,New Norfolk,AU,-42.7826,147.0587,55.92,54,84,5.01,broken clouds
38,Ushuaia,AR,-54.8,-68.3,38.86,87,0,6.91,clear sky
39,Lompoc,US,34.6391,-120.4579,70.21,94,75,0.0,mist
40,Namibe,AO,-15.1961,12.1522,64.31,89,84,3.06,broken clouds
41,Gunjur,GM,13.2019,-16.7339,80.67,94,40,0.0,scattered clouds
42,Avera,US,33.194,-82.5271,76.51,69,100,1.05,overcast clouds
43,Tocopilla,CL,-22.092,-70.1979,58.01,80,94,2.82,overcast clouds
44,Kodiak,US,57.79,-152.4072,52.57,89,39,7.85,scattered clouds
45,Hengshui,CN,37.7322,115.7011,77.86,57,0,9.64,clear sky
46,Saint-Pierre,RE,-21.3393,55.4781,72.28,67,0,18.41,clear sky
47,Bengkulu,ID,-3.8004,102.2655,82.0,73,45,9.62,scattered clouds
48,Port Alfred,ZA,-33.5906,26.891,58.17,60,89,9.86,overcast clouds
49,Ankara,TR,39.9199,32.8543,54.64,62,0,6.91,clear sky
50,Laguna,US,38.421,-121.4238,89.31,30,1,1.99,clear sky
51,Busselton,AU,-33.65,115.3333,77.09,67,0,15.12,clear sky
52,Bambous Virieux,MU,-20.3428,57.7575,71.22,83,75,12.66,light rain
53,Alofi,NU,-19.0595,-169.9187,80.49,78,13,5.75,few clouds
54,Escanaba,US,45.7453,-87.0646,64.71,82,1,11.5,clear sky
55,Saskylakh,RU,71.9167,114.0833,46.98,65,96,12.15,overcast clouds
56,Grand Forks,US,47.9417,-97.4337,60.73,82,20,8.05,few clouds
57,Caceres,ES,39.522,-6.3748,66.79,73,100,5.37,overcast clouds
58,Ferme-Neuve,CA,46.7001,-75.4493,55.18,97,84,6.26,broken clouds
59,Rajpur,IN,22.3,74.35,84.76,73,100,4.65,overcast clouds
60,Beringovskiy,RU,63.05,179.3167,44.76,65,99,8.59,overcast clouds
61,Vaini,TO,-21.2,-175.2,78.96,89,40,6.91,scattered clouds
62,Songea,TZ,-10.6833,35.65,63.64,67,30,5.73,scattered clouds
63,Tsiroanomandidy,MG,-18.7667,46.0333,65.55,50,0,5.73,clear sky
64,Patterson,US,37.4716,-121.1297,86.07,36,70,6.13,broken clouds
65,Gravdal,NO,68.1214,13.5031,49.89,93,75,9.22,light rain
66,Waitati,NZ,-45.75,170.5667,48.79,84,78,11.03,moderate rain
67,East London,ZA,-33.0153,27.9116,52.74,93,75,2.3,light rain
68,Saint-Philippe,RE,-21.3585,55.7679,72.21,78,58,16.58,broken clouds
69,Hithadhoo,MV,-0.6,73.0833,83.03,69,100,9.01,overcast clouds
70,Severo-Kurilsk,RU,50.6789,156.125,53.26,78,62,18.12,broken clouds
71,Narsaq,GL,60.9167,-46.05,41.22,64,83,3.31,broken clouds
72,Pacific Grove,US,36.6177,-121.9166,77.76,87,1,1.99,clear sky
73,Kapaa,US,22.0752,-159.319,82.72,70,1,1.99,clear sky
74,Ponta Do Sol,PT,32.6667,-17.1,72.72,79,29,5.91,scattered clouds
75,Labuhan,ID,-6.8844,112.2051,89.28,53,39,10.78,scattered clouds
76,Kampot,KH,10.6167,104.1833,82.45,69,71,10.94,broken clouds
77,Atuona,PF,-9.8,-139.0333,78.35,72,3,18.86,clear sky
78,San Cristobal,VE,7.7669,-72.225,65.37,98,47,1.99,scattered clouds
79,Saran,FR,47.9501,1.876,58.82,77,12,6.53,few clouds
80,Warrington,GB,53.3925,-2.5802,62.49,91,40,2.3,fog
81,Komsomolskiy,UZ,40.4272,71.7189,84.92,24,0,4.61,clear sky
82,Carnarvon,AU,-24.8667,113.6333,80.67,34,6,12.66,clear sky
83,Salalah,OM,17.0151,54.0924,78.89,94,90,2.3,overcast clouds
84,Missoula,US,47.0166,-113.8009,56.1,48,6,2.8,clear sky
85,Lagoa,PT,39.05,-27.9833,68.5,76,100,13.47,overcast clouds
86,Kavieng,PG,-2.5744,150.7967,85.82,63,76,9.86,broken clouds
87,Elat,IL,29.5581,34.9482,76.84,61,0,13.8,clear sky
88,Georgetown,MY,5.4112,100.3354,91.33,70,20,8.05,few clouds
89,Botwood,CA,49.1499,-55.3482,55.9,93,100,8.97,overcast clouds
90,Shache,CN,38.4167,77.2406,86.7,15,0,8.72,clear sky
91,Airai,TL,-8.9266,125.4092,71.91,51,35,6.78,scattered clouds
92,Ribeira Grande,PT,38.5167,-28.7,69.48,72,96,12.26,overcast clouds
93,Port Lincoln,AU,-34.7333,135.8667,60.82,64,41,5.32,scattered clouds
94,Faanui,PF,-16.4833,-151.75,78.84,70,9,15.52,clear sky
95,Mollendo,PE,-17.0231,-72.0147,59.04,86,100,5.1,overcast clouds
96,Strezhevoy,RU,60.7333,77.5889,51.78,47,79,8.19,broken clouds
97,Acarau,BR,-2.8856,-40.12,78.82,75,52,18.68,broken clouds
98,Muroto,JP,33.2833,134.15,80.64,75,100,10.45,overcast clouds
99,Katubao,PH,5.8892,124.8294,86.04,68,90,10.42,overcast clouds
100,Ust-Ilimsk,RU,58.0006,102.6619,50.86,47,99,0.92,overcast clouds
101,Iqaluit,CA,63.7506,-68.5145,38.93,87,40,14.97,scattered clouds
102,Isangel,VU,-19.55,169.2667,78.91,69,75,6.91,broken clouds
103,Karratha,AU,-20.7377,116.8463,81.75,22,37,23.04,scattered clouds
104,Arraial Do Cabo,BR,-22.9661,-42.0278,70.11,87,78,8.9,broken clouds
105,Castro,BR,-24.7911,-50.0119,55.51,92,62,9.08,broken clouds
106,Guilin,CN,25.2819,110.2864,89.71,61,97,9.62,overcast clouds
107,Kloulklubed,PW,7.0419,134.2556,86.5,71,100,8.43,overcast clouds
108,Anzhero-Sudzhensk,RU,56.081,86.0285,64.06,43,61,5.97,broken clouds
109,Cabo San Lucas,MX,22.8909,-109.9124,86.05,71,39,9.53,scattered clouds
110,Bud,US,39.447,-86.1758,71.91,81,5,6.29,clear sky
111,Paamiut,GL,61.994,-49.6678,41.81,62,49,2.1,scattered clouds
112,Port Elizabeth,ZA,-33.918,25.5701,50.09,93,20,4.61,few clouds
113,Filadelfia,US,39.9523,-75.1638,68.94,84,0,4.38,clear sky
114,Waipawa,NZ,-41.4122,175.5153,56.03,76,65,18.34,broken clouds
115,Xinzhou,CN,38.4092,112.7333,77.94,30,0,2.13,clear sky
116,Parabel,RU,58.6978,81.4825,61.14,46,97,2.68,overcast clouds
117,The Pas,CA,53.8251,-101.2541,62.62,63,75,6.96,broken clouds
118,Carutapera,BR,-1.195,-46.02,76.89,87,62,6.02,broken clouds
119,Aitape,PG,-3.1374,142.3475,77.36,92,100,2.71,light rain
120,Bluff,NZ,-46.6,168.3333,48.79,67,100,20.56,overcast clouds
121,Springbok,ZA,-29.6643,17.8865,40.66,67,0,11.52,clear sky
122,Sungaipenuh,ID,-2.0833,101.3833,75.34,74,75,3.0,broken clouds
123,Santa Vitoria Do Palmar,BR,-33.5189,-53.3681,56.23,86,100,13.47,overcast clouds
124,Mahebourg,MU,-20.4081,57.7,71.26,83,75,12.66,broken clouds
125,Tiksi,RU,71.6872,128.8694,37.87,71,98,12.48,overcast clouds
126,Pirovskoye,RU,57.6267,92.2658,61.34,44,1,3.91,clear sky
127,Hermanus,ZA,-34.4187,19.2345,44.91,82,0,9.8,clear sky
128,Biak,ID,-0.9131,122.8766,82.27,66,99,11.79,moderate rain
129,Christchurch,NZ,-43.5333,172.6333,62.8,42,20,19.57,few clouds
130,Kitimat,CA,54.0524,-128.6534,57.58,76,100,1.79,light rain
131,Nioro,GM,13.35,-15.75,75.92,94,99,5.73,overcast clouds
132,Nayoro,JP,44.3506,142.4578,73.67,51,84,5.35,broken clouds
133,Revelstoke,CA,50.9832,-118.2023,57.22,77,90,2.3,overcast clouds
134,Luzhou,CN,28.8724,105.4405,85.17,53,6,1.01,clear sky
135,Cervo,ES,43.6702,-7.4101,63.19,75,9,5.23,clear sky
136,Kozmodemyansk,RU,56.3367,46.5711,43.63,89,93,9.01,moderate rain
137,Bathsheba,BB,13.2167,-59.5167,81.21,83,40,8.05,scattered clouds
138,Birao,CF,10.2849,22.7882,69.19,98,98,4.25,moderate rain
139,Itaituba,BR,-4.2761,-55.9836,71.92,92,32,1.28,scattered clouds
140,Russell,US,32.3502,-85.1999,74.97,88,90,0.0,overcast clouds
141,Brae,GB,60.3964,-1.353,55.31,97,97,17.54,overcast clouds
142,Bogorodskoye,RU,56.55,37.8833,46.78,80,94,10.18,overcast clouds
143,Ostersund,SE,63.1792,14.6357,52.25,76,75,10.36,light rain
144,Batagay-Alyta,RU,67.8006,130.4114,57.54,56,58,13.51,broken clouds
145,Paredon,MX,16.0333,-93.8667,81.84,73,85,1.86,overcast clouds
146,Ilulissat,GL,69.2167,-51.1,37.42,87,75,13.8,light rain
147,Broome,US,42.2506,-75.833,58.37,93,0,1.01,clear sky
148,Ancud,CL,-41.8697,-73.8203,44.42,93,61,7.96,broken clouds
149,Dickinson,US,29.4608,-95.0513,85.1,87,20,3.44,few clouds
150,Isla Mujeres,MX,21.2311,-86.731,80.85,84,97,8.59,overcast clouds
151,Makat,KZ,47.6469,53.3463,61.43,61,49,9.51,scattered clouds
152,Chiredzi,ZW,-21.05,31.6667,67.06,71,0,5.66,clear sky
153,Inuvik,CA,68.3499,-133.7218,43.66,84,90,3.44,overcast clouds
154,Norman Wells,CA,65.282,-126.8329,53.64,76,75,11.5,broken clouds
155,Thiruvananthapuram,IN,8.4833,76.9167,82.38,78,40,3.44,haze
156,Sangmelima,CM,2.9333,11.9833,64.71,99,79,2.17,broken clouds
157,Tautira,PF,-17.7333,-149.15,78.82,74,21,13.94,few clouds
158,Kaitangata,NZ,-46.2817,169.8464,45.54,91,100,12.8,overcast clouds
159,Namatanai,PG,-3.6667,152.4333,84.06,69,65,7.14,light rain
160,Provideniya,RU,64.3833,-173.3,41.11,70,75,11.18,broken clouds
161,Fortuna,US,40.5982,-124.1573,70.48,92,1,0.0,clear sky
162,Te Anau,NZ,-45.4167,167.7167,46.06,84,88,5.57,overcast clouds
163,Maneadero,MX,31.7167,-116.5667,70.11,87,16,1.03,few clouds
164,Dicabisagan,PH,17.0818,122.4157,87.03,65,89,6.91,overcast clouds
165,Margate,GB,51.3813,1.3862,62.69,86,15,3.09,few clouds
166,Praya,CV,14.9215,-23.5087,77.54,94,20,2.3,few clouds
167,Vengurla,IN,15.8667,73.6333,76.15,90,100,9.6,moderate rain
168,Gavle,SE,60.6745,17.1417,52.45,86,100,5.61,overcast clouds
169,Tiarei,PF,-17.5333,-149.3333,78.82,74,7,15.73,clear sky
170,Srednekolymsk,RU,67.45,153.6833,38.53,61,100,19.6,overcast clouds
171,Verkhnetulomskiy,RU,68.6073,31.7962,39.33,89,7,1.5,clear sky
172,Pallasovka,RU,50.05,46.8833,53.53,45,100,8.08,overcast clouds
173,Gorontalo,ID,0.5412,123.0595,81.66,77,98,4.23,overcast clouds
174,Bull Savanna,JM,17.8868,-77.5902,75.96,87,17,4.59,few clouds
175,Korla,CN,41.7597,86.1469,85.51,17,0,11.81,clear sky
176,Puri,IN,19.8,85.85,82.92,77,99,22.66,very heavy rain
177,Port Blair,IN,11.6667,92.75,83.88,78,85,12.17,overcast clouds
178,Los Llanos De Aridane,ES,28.6585,-17.9182,71.35,75,75,3.44,broken clouds
179,Pisco,PE,-13.7,-76.2167,62.65,77,94,2.3,overcast clouds
180,Villamontes,BO,-21.25,-63.5,79.88,48,60,3.24,broken clouds
181,Sao Filipe,CV,14.8961,-24.4956,78.26,84,58,1.61,broken clouds
182,Soria,ES,41.6667,-2.6667,68.02,47,100,4.45,overcast clouds
183,Nakamura,JP,32.9833,132.9333,79.9,75,99,6.51,overcast clouds
184,Colares,PT,38.7992,-9.4469,70.83,75,99,9.82,overcast clouds
185,Yellowknife,CA,62.456,-114.3525,54.12,94,20,6.91,few clouds
186,Rangia,IN,26.4667,91.6333,78.75,86,100,6.78,overcast clouds
187,San Quintin,MX,30.4833,-115.95,72.34,81,62,4.5,broken clouds
188,Nuuk,GL,64.1835,-51.7216,39.81,93,75,6.91,broken clouds
189,Hervey Bay,AU,-25.2986,152.8535,75.31,52,0,20.87,clear sky
190,Padang,ID,-0.9492,100.3543,84.25,82,81,4.38,broken clouds
191,Megion,RU,61.0296,76.1136,51.82,50,79,9.01,broken clouds
192,Anadyr,RU,64.75,177.4833,41.5,81,40,8.95,scattered clouds
193,Meulaboh,ID,4.1363,96.1285,85.3,66,47,2.64,scattered clouds
194,Ransang,PH,8.9603,117.5828,81.36,84,100,9.62,light rain
195,Egvekinot,RU,66.3167,-179.1667,33.44,64,100,5.53,overcast clouds
196,Qaqortoq,GL,60.7167,-46.0333,41.5,77,90,3.18,overcast clouds
197,Pafos,CY,34.7667,32.4167,75.11,69,1,10.36,clear sky
198,Damphu,BT,27.0721,90.1096,70.2,96,99,1.1,overcast clouds
199,Torbay,CA,47.6666,-52.7314,54.27,93,90,8.05,overcast clouds
200,Avarua,CK,-21.2078,-159.775,73.45,83,20,11.5,few clouds
201,Guerrero Negro,MX,27.9769,-114.0611,72.64,82,61,11.61,broken clouds
202,Tigzirt,DZ,36.8886,4.1198,76.05,50,95,10.31,overcast clouds
203,Marsberg,DE,51.4617,8.8495,54.36,67,100,1.14,overcast clouds
204,Saint-Felicien,CA,48.6501,-72.4491,56.08,94,75,5.75,broken clouds
205,Kattivakkam,IN,13.2167,80.3167,89.69,55,99,18.3,overcast clouds
206,De Aar,ZA,-30.6497,24.0123,43.45,71,59,20.2,broken clouds
207,Skjervoy,NO,70.0311,20.9714,46.4,80,100,4.27,overcast clouds
208,Hambantota,LK,6.1241,81.1185,86.34,79,40,14.97,scattered clouds
209,Ninghai,CN,29.2892,121.4247,82.08,79,74,7.74,broken clouds
210,Karpathos,GR,35.507,27.2132,73.36,83,20,21.85,few clouds
211,Huarmey,PE,-10.0681,-78.1522,62.85,88,98,9.78,overcast clouds
212,Luau,AO,-10.7073,22.2247,67.59,52,3,3.91,clear sky
213,Zunyi,CN,27.6867,106.9072,75.38,65,64,2.68,broken clouds
214,Kasamwa,TZ,-2.85,32.4333,70.38,66,33,2.98,scattered clouds
215,Tucuman,AR,-26.8241,-65.2226,68.0,73,75,5.75,broken clouds
216,Luena,AO,-11.7833,19.9167,59.52,48,5,3.13,clear sky
217,Umm Kaddadah,SD,13.6017,26.6876,79.57,56,100,4.56,overcast clouds
218,Victoria,HK,22.2855,114.1577,91.96,76,34,1.99,scattered clouds
219,Puerto Del Rosario,ES,28.5004,-13.8627,74.95,88,2,6.91,clear sky
220,Aswan,EG,24.0934,32.907,85.96,31,6,14.67,clear sky
221,Zeya,RU,53.75,127.2667,71.49,55,100,10.58,overcast clouds
222,Lavrentiya,RU,65.5833,-171.0,39.54,87,99,3.49,overcast clouds
223,Calvinia,ZA,-31.4707,19.776,37.96,75,0,8.48,clear sky
224,Grindavik,IS,63.8424,-22.4338,48.67,81,90,6.91,light intensity drizzle
225,Satao,PT,40.7418,-7.7329,63.03,83,99,1.5,overcast clouds
226,Cururupu,BR,-1.8283,-44.8683,74.17,91,29,3.44,scattered clouds
227,Axim,GH,4.8699,-2.2405,74.53,94,73,6.93,broken clouds
228,Poum,NC,-20.2333,164.0167,72.41,72,22,25.52,few clouds
229,Bulgan,MN,48.8125,103.5347,53.15,64,82,3.94,broken clouds
230,Arkhara,RU,49.4212,130.0842,69.04,59,100,11.01,light rain
231,Assiniboia,CA,49.6334,-105.9845,55.31,76,75,6.91,broken clouds
232,Olafsvik,IS,64.8945,-23.7142,49.78,79,100,9.42,overcast clouds
233,Cherskiy,RU,68.75,161.3,33.91,88,100,14.88,light rain
234,Pandamatenga,BW,-18.5278,25.627,65.21,37,0,7.16,clear sky
235,Xiongyue,CN,40.1774,122.1228,71.89,67,35,11.03,light rain
236,Ajdabiya,LY,30.7554,20.2263,74.19,65,0,7.45,clear sky
237,Pevek,RU,69.7008,170.3133,31.1,93,100,12.48,light snow
238,Dikson,RU,73.5069,80.5464,44.06,79,50,21.32,scattered clouds
239,Quesnel,CA,52.9999,-122.5029,57.7,82,90,3.44,light rain
240,Nikolskoye,RU,59.7035,30.7861,51.03,93,89,5.79,overcast clouds
241,Puerto Ayora,EC,-0.7393,-90.3518,68.36,82,99,8.81,overcast clouds
242,Half Moon Bay,US,37.4636,-122.4286,81.41,65,1,0.0,clear sky
243,Oyem,GA,1.5995,11.5793,66.52,99,95,1.43,overcast clouds
244,Warri,NG,5.5167,5.75,75.16,93,99,0.94,light rain
245,Faya,SA,18.3851,42.4509,66.31,25,41,9.33,scattered clouds
246,Nikolayevsk-Na-Amure,RU,53.1406,140.73,70.9,34,0,3.71,clear sky
247,Itarema,BR,-2.9248,-39.9167,78.73,73,56,18.37,broken clouds
248,Vydrino,RU,51.485,104.8461,43.93,90,100,6.15,overcast clouds
249,Maun,BW,-19.9833,23.4167,69.76,23,0,8.05,clear sky
250,Saint George,US,37.1041,-113.5841,90.79,22,1,1.01,clear sky
251,Eydhafushi,MV,5.1033,73.0708,82.45,76,99,13.0,light rain
252,Yagodnoye,RU,62.55,149.6667,60.15,42,92,14.72,overcast clouds
253,Qui Nhon,VN,13.7667,109.2333,78.53,88,100,11.68,overcast clouds
254,Lodja,CD,-3.4833,23.4333,69.08,97,61,1.9,light rain
255,Kahului,US,20.8947,-156.47,80.62,65,40,18.41,scattered clouds
256,Poltavka,RU,54.3663,71.7632,64.78,40,100,14.45,overcast clouds
257,Mar Del Plata,AR,-38.0023,-57.5575,53.62,94,0,11.5,clear sky
258,Nago,JP,26.5881,127.9761,90.03,66,70,1.1,broken clouds
259,Talakan,RU,50.3167,130.3667,72.39,53,100,8.95,overcast clouds
260,Sept-Iles,CA,50.2001,-66.3821,57.72,97,90,5.75,overcast clouds
261,Aklavik,CA,68.2191,-135.0107,43.63,90,92,1.81,overcast clouds
262,Aksehir,TR,38.3575,31.4164,58.6,54,33,7.09,scattered clouds
263,Igarka,RU,67.4667,86.5833,53.37,56,22,13.0,few clouds
264,Palmer,US,42.1584,-72.3287,63.01,75,1,5.75,clear sky
265,Butterworth,MY,5.3991,100.3638,91.44,69,20,8.05,few clouds
266,Piacabucu,BR,-10.4056,-36.4344,75.47,75,85,7.31,overcast clouds
267,Muborak,UZ,39.2553,65.1528,93.94,12,0,13.58,clear sky
268,Qandala,SO,11.472,49.8728,91.69,50,98,1.59,overcast clouds
269,Sasebo,JP,33.1592,129.7228,85.98,70,100,11.12,light rain
270,Dunedin,NZ,-45.8742,170.5036,48.79,84,83,10.0,moderate rain
271,Sao Joao Da Barra,BR,-21.6403,-41.0511,71.37,81,60,9.42,broken clouds
272,Puerto El Triunfo,SV,13.2833,-88.55,85.12,88,97,3.83,heavy intensity rain
273,Zhigansk,RU,66.7697,123.3711,60.85,37,43,1.57,scattered clouds
274,Gamba,GA,-2.65,10.0,74.19,76,100,2.93,overcast clouds
275,Sishui,CN,35.6489,117.2758,76.82,57,86,4.56,light rain
276,Coihaique,CL,-45.5752,-72.0662,39.15,81,0,6.91,clear sky
277,Ruston,US,32.5232,-92.6379,69.49,94,1,3.06,clear sky
278,Zavyalovo,RU,54.5053,82.4484,68.25,69,0,6.53,clear sky
279,Vaxjo,SE,56.8777,14.8091,48.25,100,90,2.3,fog
280,Portland,US,45.5234,-122.6762,75.13,54,20,1.01,few clouds
281,Berdigestyakh,RU,62.0989,126.6992,62.85,33,100,3.91,overcast clouds
282,Swift Current,CA,50.2834,-107.8014,52.61,58,1,8.05,clear sky
283,Caravelas,BR,-17.7125,-39.2481,72.03,95,2,2.35,clear sky
284,Leningradskiy,RU,69.3833,178.4167,36.66,67,100,0.63,overcast clouds
285,Pudozh,RU,61.8099,36.5345,49.06,82,95,8.5,moderate rain
286,Kavaratti,IN,10.5669,72.642,81.5,79,100,18.39,overcast clouds
287,Haltern,DE,51.743,7.1816,60.06,68,100,3.8,overcast clouds
288,Celaya,MX,20.5167,-100.8167,64.76,93,100,5.66,light rain
289,Prince Rupert,CA,54.3161,-130.3201,55.49,94,90,3.44,overcast clouds
290,Tuatapere,NZ,-46.1333,167.6833,48.81,83,88,6.8,light rain
291,Tieli,CN,46.95,128.05,58.87,94,100,3.87,light rain
292,Clyde River,CA,70.4692,-68.5914,29.88,85,67,6.38,broken clouds
293,Kirakira,SB,-10.4544,161.9205,80.58,81,87,8.97,overcast clouds
294,Taoudenni,ML,22.6783,-3.9836,91.78,12,0,4.72,clear sky
295,Lebu,CL,-37.6167,-73.65,46.24,89,100,8.12,overcast clouds
296,Kirksville,US,40.1948,-92.5833,73.06,83,1,6.91,clear sky
297,Smirnykh,RU,49.75,142.8333,69.19,50,0,6.64,clear sky
298,Lipin Bor,RU,60.2622,37.9763,47.07,89,98,10.22,light rain
299,Anqing,CN,30.5092,117.0506,82.54,62,49,10.16,scattered clouds
300,Tequila,MX,20.8833,-103.8333,70.18,97,100,1.34,overcast clouds
301,Iquitos,PE,-3.7481,-73.2472,71.64,94,75,8.05,thunderstorm with light rain
302,Coquimbo,CL,-29.9533,-71.3436,53.33,76,0,9.22,clear sky
303,Inhambane,MZ,-23.865,35.3833,67.98,94,20,0.0,mist
304,Nioaque,BR,-21.1353,-55.83,79.75,44,16,4.68,few clouds
305,Alghero,IT,40.5589,8.3181,60.89,88,0,4.61,clear sky
306,Cayenne,GF,4.9333,-52.3333,79.09,89,90,2.3,fog
307,Cartagena,CO,10.3997,-75.5144,80.22,83,40,6.91,scattered clouds
308,Sechura,PE,-5.5569,-80.8222,62.89,87,49,13.67,scattered clouds
309,Sinnamary,GF,5.3833,-52.95,78.08,86,100,8.37,overcast clouds
310,Sjovegan,NO,68.8726,17.8474,53.2,91,100,3.87,overcast clouds
311,San Patricio,US,28.017,-97.5169,84.85,73,45,8.23,scattered clouds
312,Kutum,SD,14.2,24.6667,74.17,62,64,3.74,broken clouds
313,Matamoros,MX,25.5333,-103.25,80.11,39,17,10.16,few clouds
314,Konstantinovka,RU,49.6167,127.9833,62.92,84,100,10.78,light rain
315,Flinders,AU,-34.5833,150.8552,70.88,47,1,8.72,clear sky
316,Champerico,GT,14.3,-91.9167,81.23,79,6,4.47,clear sky
317,Rundu,NA,-17.9333,19.7667,66.56,27,41,7.29,scattered clouds
318,Naze,JP,28.3667,129.4833,79.72,78,100,4.12,overcast clouds
319,Esparta,HN,15.7437,-87.1766,77.14,90,89,4.29,overcast clouds
320,Luganville,VU,-15.5333,167.1667,78.4,70,97,5.57,overcast clouds
321,Tasiilaq,GL,65.6145,-37.6368,39.36,87,73,4.68,broken clouds
322,Natal,BR,-5.795,-35.2094,73.62,88,20,4.61,few clouds
323,Uribia,CO,11.7139,-72.266,82.31,74,52,13.11,broken clouds
324,Khatanga,RU,71.9667,102.5,64.36,45,69,7.65,broken clouds
325,Abalak,RU,58.1286,68.5944,50.16,81,100,3.09,overcast clouds
326,Slave Lake,CA,55.2834,-114.769,57.25,58,51,13.11,broken clouds
327,Baruun-Urt,MN,46.6806,113.2792,62.35,35,45,4.45,scattered clouds
328,Vila Franca Do Campo,PT,37.7167,-25.4333,68.41,86,74,8.25,broken clouds
329,Berlevag,NO,70.8578,29.0864,40.01,70,21,3.94,few clouds
330,Cidreira,BR,-30.1811,-50.2056,62.6,86,100,18.75,overcast clouds
331,Potiskum,NG,11.7091,11.0694,70.16,93,100,5.64,overcast clouds
332,Sawtell,AU,-30.3833,153.1,76.19,32,0,10.36,clear sky
333,Richards Bay,ZA,-28.783,32.0377,62.82,88,100,8.1,light rain
334,Morayfield,AU,-27.1167,152.95,76.35,30,0,7.38,clear sky
335,San Policarpo,PH,12.1791,125.5072,80.73,82,100,20.65,overcast clouds
336,Flexeiras,BR,-9.1975,-35.7808,71.37,85,61,0.89,broken clouds
337,Canico,PT,32.6333,-16.85,74.48,86,20,1.14,few clouds
338,Yamada,JP,39.4667,141.95,68.38,59,64,6.82,broken clouds
339,Santiago De Cao,PE,-7.9589,-79.2392,61.65,90,90,13.29,overcast clouds
340,Juliaca,PE,-15.5,-70.1333,43.99,79,94,2.3,overcast clouds
341,Saldanha,ZA,-33.0117,17.9442,39.25,76,0,8.01,clear sky
342,Skibbereen,IE,51.55,-9.2667,58.8,98,36,11.39,scattered clouds
343,Ugoofaaru,MV,5.6667,73.0,82.49,76,94,12.95,overcast clouds
344,Katsina,NG,12.9894,7.6006,69.49,85,100,6.8,light rain
345,Chapais,CA,49.7834,-74.8492,51.58,96,90,5.86,overcast clouds
346,Sitka,US,57.0531,-135.33,57.09,88,75,4.61,broken clouds
347,Lima,PE,-12.0432,-77.0282,59.25,82,90,10.36,overcast clouds
348,Maryville,US,35.7565,-83.9705,68.74,87,1,3.44,clear sky
349,Moose Factory,CA,51.2585,-80.6094,55.4,88,90,4.61,overcast clouds
350,Esperance,AU,-33.8667,121.9,76.84,43,0,14.83,clear sky
351,North Bend,US,43.4065,-124.2243,59.92,84,1,14.97,clear sky
352,Panaba,MX,21.2833,-88.2667,75.22,95,100,5.7,overcast clouds
353,Pathein,MM,16.7833,94.7333,83.28,76,100,4.7,overcast clouds
354,Maldonado,UY,-34.6667,-54.9167,56.59,87,100,12.55,moderate rain
355,Kulachi,PK,31.9286,70.4592,100.31,31,0,5.48,clear sky
356,Asau,RO,46.4333,26.4,50.4,60,4,2.48,clear sky
357,Souillac,MU,-20.5167,57.5167,72.36,83,75,12.66,light rain
358,Waingapu,ID,-9.6567,120.2641,86.13,55,45,21.97,scattered clouds
359,Illapel,CL,-31.6308,-71.1653,48.6,86,64,2.84,broken clouds
360,Kenai,US,60.5544,-151.2583,55.49,84,1,4.61,clear sky
361,Simav,TR,39.0882,28.9777,64.92,72,100,6.67,overcast clouds
362,Geraldton,AU,-28.7667,114.6,86.41,15,0,16.11,clear sky
363,Khorixas,NA,-20.3667,14.9667,58.66,23,0,4.85,clear sky
364,Noumea,NC,-22.2763,166.4572,66.18,75,55,11.03,broken clouds
365,Pangnirtung,CA,66.1451,-65.7125,38.88,81,18,1.3,few clouds
366,Vestmannaeyjar,IS,63.4427,-20.2734,51.24,76,95,11.72,overcast clouds
367,Vostok,RU,46.4856,135.8833,71.98,41,100,3.49,overcast clouds
368,Riyadh,SA,24.6877,46.7219,91.45,12,0,2.3,clear sky
369,Ahipara,NZ,-35.1667,173.1667,58.12,90,63,7.56,broken clouds
370,Boa Vista,BR,2.8197,-60.6733,80.58,74,0,2.3,clear sky
371,Smithers,CA,54.7804,-127.1743,53.92,94,75,3.44,broken clouds
372,Minab,IR,27.1467,57.0801,90.9,48,1,3.13,clear sky
373,Port Macquarie,AU,-31.4333,152.9167,73.36,34,0,7.9,clear sky
374,Izyaslav,UA,50.1195,26.8213,47.53,64,79,5.06,broken clouds
375,Plouzane,FR,48.3833,-4.6167,68.32,73,0,10.36,clear sky
376,Muros,ES,42.7762,-9.0603,69.15,95,85,15.46,overcast clouds
377,Westport,US,41.1415,-73.3579,70.77,82,1,4.61,clear sky
378,Tandalti,SD,13.0167,31.8667,78.6,74,39,11.27,scattered clouds
379,Port Hueneme,US,34.1478,-119.1951,78.01,90,90,0.0,mist
380,Kudahuvadhoo,MV,2.6708,72.8944,83.19,72,100,11.61,overcast clouds
381,Dharampur,IN,20.5333,73.1833,78.57,93,100,2.53,heavy intensity rain
382,Saint-Augustin,CA,51.226,-58.6502,55.11,92,100,10.27,overcast clouds
383,La Ronge,CA,55.1001,-105.2842,61.05,51,20,3.44,few clouds
384,Saint-Georges,GD,12.0564,-61.7485,80.28,89,20,10.36,few clouds
385,Kysyl-Syr,RU,63.8986,122.7617,61.81,41,56,4.41,broken clouds
386,Ostrovnoy,RU,68.0531,39.5131,39.52,93,100,20.83,overcast clouds
387,Dayong,CN,25.0209,118.2898,92.88,56,85,1.88,light rain
388,Chernyshevskiy,RU,63.0128,112.4714,55.29,45,100,5.79,overcast clouds
389,Mangan,IN,27.5167,88.5333,80.06,90,86,4.5,overcast clouds
390,Batsfjord,NO,70.6345,29.7185,35.82,72,10,4.79,clear sky
391,Susehri,TR,40.1644,38.0867,56.32,71,96,3.29,overcast clouds
392,Campo Do Brito,BR,-10.7333,-37.4933,74.68,96,1,2.64,clear sky
393,Mount Isa,AU,-20.7333,139.5,78.57,13,0,16.11,clear sky
394,Zaltan,LY,32.947,11.8665,77.13,66,0,9.6,clear sky
395,Safaga,EG,26.7292,33.9365,86.27,42,2,18.07,clear sky
396,Seoul,KR,37.5683,126.9778,71.11,94,90,9.22,light rain
397,Miyako,JP,39.6367,141.9525,67.96,59,64,6.08,broken clouds
398,Beira,MZ,-19.8436,34.8389,69.89,94,40,1.14,mist
399,Sharlyk,RU,52.9167,54.75,52.43,54,95,3.89,overcast clouds
400,Farmington,US,36.7281,-108.2187,78.19,19,1,5.75,clear sky
401,Hirara,JP,24.8,125.2833,88.07,70,40,8.05,scattered clouds
402,Hamilton,US,39.1834,-84.5333,72.5,72,75,0.0,broken clouds
403,Zhuji,CN,29.7188,120.2423,82.31,76,99,7.11,overcast clouds
404,Haicheng,CN,40.8516,122.7475,72.05,64,61,8.55,light rain
405,Mitu,CO,1.1983,-70.1733,70.93,99,100,1.97,overcast clouds
406,Hovd,MN,48.0056,91.6419,67.32,26,5,8.68,clear sky
407,Evensk,RU,61.95,159.2333,51.49,70,95,7.23,overcast clouds
408,Shahrud,IR,36.4182,54.9763,80.17,28,0,5.06,clear sky
409,Kigoma,TZ,-4.8769,29.6267,76.96,54,1,3.67,clear sky
410,Mandalgovi,MN,45.7625,106.2708,64.11,31,0,19.39,clear sky
411,Sakaiminato,JP,35.55,133.2333,80.58,69,75,5.75,light rain
412,Deming,US,32.2687,-107.7586,80.49,39,1,5.75,clear sky
413,Samana,DO,19.2056,-69.3369,78.84,87,10,7.16,clear sky
414,Katobu,ID,-4.9408,122.5276,88.5,45,35,10.47,scattered clouds
415,Bargteheide,DE,53.7333,10.2667,53.26,95,100,3.76,overcast clouds
416,Ternate,ID,0.8,127.4,82.38,78,97,8.37,overcast clouds
417,Suntar,RU,62.1444,117.6319,61.54,55,100,5.39,overcast clouds
418,Beni,CD,0.5,29.4667,62.69,97,33,1.66,light rain
419,Luderitz,NA,-26.6481,15.1594,51.1,52,0,12.44,clear sky
420,Camacha,PT,33.0833,-16.3333,71.02,78,20,5.75,few clouds
421,Winnemucca,US,40.973,-117.7357,69.12,14,1,4.61,clear sky
422,Sturgeon Bay,US,44.8342,-87.377,62.96,82,1,9.22,clear sky
423,Kearney,US,40.6995,-99.0815,76.24,76,1,10.0,clear sky
424,Temir,KZ,49.1414,57.13,60.64,56,73,9.82,broken clouds
425,Salta,AR,-24.7859,-65.4117,64.99,71,75,1.01,broken clouds
426,Bongor,TD,10.2806,15.3722,69.6,97,98,4.38,overcast clouds
427,Puro,PH,12.4841,123.3827,77.43,92,100,31.5,moderate rain
428,Alugan,PH,12.2188,125.4808,80.17,83,100,19.86,overcast clouds
429,Dukat,RU,62.55,155.55,39.29,95,100,5.53,moderate rain
430,Houma,US,29.5958,-90.7195,79.02,92,64,2.28,broken clouds
431,Mount Gambier,AU,-37.8333,140.7667,57.11,67,90,14.97,overcast clouds
432,Nome,US,64.5011,-165.4064,48.27,93,90,13.8,overcast clouds
433,Srikakulam,IN,18.3,83.9,84.58,76,100,17.34,moderate rain
434,Bousso,TD,10.4795,16.7117,69.84,94,100,5.28,overcast clouds
435,Mumford,GH,5.2618,-0.759,73.58,93,100,6.85,light rain
436,Juneau,US,58.3019,-134.4197,55.85,94,75,5.75,broken clouds
437,Mareeba,AU,-17.0,145.4333,73.44,63,37,11.03,scattered clouds
438,Santa Rosa,PH,14.3122,121.1114,81.86,84,74,8.12,moderate rain
439,Aykhal,RU,66.0,111.5,60.85,26,12,1.07,few clouds
440,Gander,CA,48.9682,-54.5906,53.73,87,90,12.66,overcast clouds
441,Tura,IN,25.5198,90.2201,77.05,92,100,2.62,moderate rain
442,Sestri Levante,IT,44.2732,9.3968,73.31,61,3,5.55,clear sky
443,Maybole,GB,55.355,-4.6803,62.73,94,75,2.3,broken clouds
444,Havoysund,NO,70.9963,24.6622,43.68,77,100,9.19,light rain
445,Kruisfontein,ZA,-34.0033,24.7314,47.88,86,85,3.91,overcast clouds
446,Chara,RU,56.9064,118.2631,47.07,93,100,4.34,moderate rain
447,Pulaski,US,34.7668,-92.3001,71.71,80,1,0.0,clear sky
448,El Alto,PE,-4.2714,-81.2147,64.18,81,98,19.24,overcast clouds
449,Yerbogachen,RU,61.2767,108.0108,45.46,85,100,2.84,overcast clouds
450,Codrington,AU,-38.2667,141.9667,55.31,78,100,13.51,overcast clouds
451,Yinchuan,CN,38.4681,106.2731,80.24,18,0,9.62,clear sky
452,Aligarh,IN,27.8833,78.0833,91.15,59,27,10.58,scattered clouds
453,Prince George,CA,53.9166,-122.753,58.62,68,90,0.0,overcast clouds
454,Back Mountain,US,41.3359,-75.9963,58.06,94,0,2.53,clear sky
455,Leshukonskoye,RU,64.8989,45.7622,38.08,81,100,7.87,overcast clouds
456,Dire,ML,12.2833,-10.9667,71.6,96,55,2.73,broken clouds
457,Takoradi,GH,4.8845,-1.7554,73.94,95,83,5.48,broken clouds
458,Dali,CN,25.7,100.1833,74.48,55,21,4.16,few clouds
459,Tungor,RU,53.3808,142.9564,67.66,47,0,4.27,clear sky
460,Guatire,VE,10.4762,-66.5427,78.21,97,44,2.8,scattered clouds
461,Kenora,CA,49.8167,-94.4337,61.77,82,90,8.05,overcast clouds
462,Soyo,AO,-6.1349,12.3689,71.92,88,87,3.38,overcast clouds
463,Klaksvik,FO,62.2266,-6.589,54.52,98,99,11.99,overcast clouds
464,Lano,NG,10.1725,11.4715,71.02,87,100,1.5,overcast clouds
465,Bowen,AU,-20.0167,148.2333,75.42,58,2,22.12,clear sky
466,Comodoro Rivadavia,AR,-45.8667,-67.5,44.46,70,0,5.75,clear sky
467,Wahiawa,US,21.5028,-158.0236,80.92,66,1,12.66,clear sky
468,Pangai,TO,-19.8,-174.35,80.71,78,20,5.75,few clouds
469,Port Hawkesbury,CA,45.6169,-61.3485,66.18,97,90,3.0,mist
470,Husavik,IS,66.0449,-17.3389,48.11,92,100,9.98,overcast clouds
471,Gallup,US,35.5281,-108.7426,71.02,21,1,1.01,clear sky
472,Shingu,JP,33.7333,135.9833,83.91,82,99,5.39,overcast clouds
473,Stokmarknes,NO,68.5646,14.9108,51.49,91,99,6.98,light rain
474,La Asuncion,VE,11.0333,-63.8628,89.33,70,92,9.22,overcast clouds
475,Cabedelo,BR,-6.9811,-34.8339,72.27,77,87,10.36,overcast clouds
476,Yakeshi,CN,49.2833,120.7333,60.55,51,50,5.5,scattered clouds
477,Rio Grande,BR,-32.035,-52.0986,61.95,84,100,19.33,overcast clouds
478,Vilcun,CL,-38.65,-72.2333,39.94,92,64,4.03,broken clouds
479,Ojinaga,MX,29.5667,-104.4167,85.41,44,1,10.36,clear sky
480,Baykit,RU,61.67,96.37,51.1,73,100,0.09,overcast clouds
481,Akdepe,TM,42.0551,59.3788,77.0,16,0,11.3,clear sky
482,Udachnyy,RU,66.4167,112.4,63.09,37,7,3.04,clear sky
483,Trinidad,BO,-14.8333,-64.9,80.1,60,100,3.94,overcast clouds
484,Kichera,RU,55.9375,110.0997,55.08,52,98,6.73,overcast clouds
485,Niamey,NE,13.5137,2.1098,82.69,69,0,9.22,clear sky
486,Alice Springs,AU,-23.7,133.8833,67.55,22,0,17.27,clear sky
487,Key West,US,24.5557,-81.7826,86.0,73,1,0.0,clear sky
488,Tevriz,RU,57.509,72.4042,57.92,39,99,6.26,overcast clouds
489,Vila Velha,BR,-20.3297,-40.2925,73.35,83,75,13.8,broken clouds
490,Phetchaburi,TH,12.9667,99.5833,84.31,87,100,1.39,overcast clouds
491,Las Vegas,US,36.175,-115.1372,99.28,16,1,5.75,clear sky
492,Tabou,CI,4.423,-7.3528,75.07,90,49,5.37,light rain
493,Cuamba,MZ,-14.8031,36.5372,70.54,54,2,7.18,clear sky
494,Carandai,BR,-20.9536,-43.8064,60.84,90,25,8.21,scattered clouds
495,Tessalit,ML,20.1986,1.0114,86.59,12,0,6.76,clear sky
496,Sao Gabriel Da Cachoeira,BR,-0.1303,-67.0892,70.92,99,100,1.05,overcast clouds
497,Lubao,PH,14.9167,120.55,89.67,62,91,5.23,overcast clouds
498,Xinzhi,CN,36.4989,111.7047,78.85,34,0,4.74,clear sky
499,Pithoragarh,IN,29.5833,80.2167,73.78,75,78,2.59,broken clouds
500,Biswan,IN,27.5,81.0,88.88,68,25,16.49,scattered clouds
501,Belaya Gora,RU,68.5333,146.4167,37.08,60,98,16.89,overcast clouds
502,Bartica,GY,6.4,-58.6167,77.32,99,95,0.78,overcast clouds
503,Celestun,MX,20.8667,-90.4,75.04,91,81,10.07,broken clouds
504,Petropavlovsk-Kamchatskiy,RU,53.0452,158.6483,57.79,72,75,13.42,broken clouds
505,Abha,SA,18.2164,42.5053,66.02,63,0,0.0,clear sky
506,Lorengau,PG,-2.0226,147.2712,84.38,68,50,8.75,scattered clouds
507,Bintulu,MY,3.1667,113.0333,88.21,70,40,4.61,scattered clouds
508,Fort Nelson,CA,58.8053,-122.7002,58.59,51,20,6.91,few clouds
509,Taltal,CL,-25.4,-70.4833,54.88,85,22,5.26,few clouds
510,Shalakusha,RU,62.2247,40.2539,45.09,96,100,8.43,overcast clouds
511,Kjopsvik,NO,68.097,16.3742,51.17,88,99,5.95,light rain
512,Ust-Nera,RU,64.5667,143.2,60.26,49,45,6.11,scattered clouds
513,Kerema,PG,-7.9631,145.7785,79.63,81,94,12.8,overcast clouds
514,Coahuayana,MX,18.7333,-103.6833,74.59,96,100,3.69,overcast clouds
515,Virden,US,39.5009,-89.7679,72.63,80,35,9.75,scattered clouds
516,Dzhebariki-Khaya,RU,62.2167,135.8,61.92,37,1,3.47,clear sky
517,Eureka,US,40.8021,-124.1637,70.75,86,100,2.42,overcast clouds
518,Conakry,GN,9.538,-13.6773,76.96,88,100,12.28,moderate rain
519,Mirnyy,RU,62.5353,113.9611,53.71,56,100,4.27,overcast clouds
520,Yulara,AU,-25.2406,130.9889,71.44,17,0,19.57,clear sky
521,Mishan,CN,45.55,131.8833,72.28,41,100,5.55,light rain
522,Zhucheng,CN,35.9947,119.3975,74.41,72,95,11.77,overcast clouds
523,Shchelkun,RU,56.3034,60.9483,47.77,48,8,8.81,clear sky
524,Olinda,BR,-8.0089,-34.8553,73.13,78,40,5.75,scattered clouds
525,Pavlovka,RU,52.6897,47.1405,48.49,58,60,9.26,broken clouds
526,Warrnambool,AU,-38.3833,142.4833,55.81,79,100,13.78,overcast clouds
527,Hasaki,JP,35.7333,140.8333,75.6,61,84,16.51,broken clouds
528,Xinmin,CN,41.9908,122.8253,71.29,53,24,5.68,light rain
529,Ixtapa,MX,20.7,-105.2,75.22,99,100,1.01,overcast clouds
530,Boden,SE,65.8252,21.6886,48.2,86,91,2.57,overcast clouds
531,Marawi,PH,7.9986,124.2928,74.64,91,100,5.12,overcast clouds
532,Cockburn Town,TC,21.4612,-71.1419,82.29,77,45,15.86,scattered clouds
533,Kuito,AO,-12.3833,16.9333,57.97,89,16,4.99,few clouds
534,Marzuq,YE,14.4,46.4667,82.67,48,99,3.2,overcast clouds
535,Sambava,MG,-14.2667,50.1667,71.51,88,100,14.41,moderate rain
536,Ulladulla,AU,-35.35,150.4667,70.7,49,0,6.8,clear sky
537,Zaranj,AF,30.9667,61.8833,89.56,12,0,17.07,clear sky
538,Katsuura,JP,35.1333,140.3,73.51,60,64,16.2,broken clouds
539,Kuryk,KZ,43.2,51.65,73.74,45,22,18.12,few clouds
540,Zelenoborsk,RU,61.4669,64.0333,46.92,59,48,9.84,scattered clouds
541,Necochea,AR,-38.5473,-58.7368,50.04,89,52,12.01,broken clouds
542,Poronaysk,RU,49.2167,143.1167,62.85,68,0,9.98,clear sky
543,Cabo Rojo,PR,18.0866,-67.1457,81.0,85,8,8.37,clear sky
544,Vryburg,ZA,-26.9566,24.7284,43.65,74,3,10.0,clear sky
545,Sola,VU,-13.8833,167.55,78.15,78,65,12.88,broken clouds
546,Alyangula,AU,-13.8483,136.4192,80.47,57,75,11.5,broken clouds
547,La Paz,BO,-16.5,-68.15,44.58,70,40,4.61,scattered clouds
548,Charters Towers,AU,-20.1,146.2667,78.19,16,2,15.79,clear sky
549,Pirenopolis,BR,-15.8525,-48.9592,81.09,26,38,4.59,scattered clouds
550,Marrakesh,MA,31.6315,-8.0083,77.07,53,0,8.05,clear sky
551,Lakes Entrance,AU,-37.8811,147.981,64.58,68,79,16.78,broken clouds
552,Edson,CA,53.5835,-116.4356,50.11,71,40,2.3,scattered clouds
553,Ambilobe,MG,-13.2,49.05,80.49,52,84,10.92,broken clouds
554,Usolye,RU,59.4268,56.6808,45.19,67,100,9.04,overcast clouds
555,Mayfield,US,36.7417,-88.6367,65.84,95,1,0.0,clear sky
556,Fukue,JP,32.6881,128.8419,80.96,94,75,10.36,mist
557,Tezu,IN,27.9167,96.1667,86.22,71,95,3.29,overcast clouds
558,Norsup,VU,-16.0667,167.3833,78.1,68,100,6.42,overcast clouds
559,Porto Novo,BJ,6.4965,2.6036,76.82,94,88,5.03,overcast clouds
560,Pecos,US,31.4229,-103.4932,86.31,47,1,3.44,clear sky
561,Dolores,AR,-36.3132,-57.6792,55.11,80,100,13.98,moderate rain
562,Channel-Port Aux Basques,CA,47.5702,-59.1367,60.51,95,100,23.76,light rain
563,Agadez,NE,19.75,10.25,85.26,42,39,7.61,scattered clouds
564,Biltine,TD,14.5333,20.9167,78.19,74,88,9.28,overcast clouds
565,Rock Springs,US,41.5875,-109.2029,71.04,21,1,4.0,clear sky
566,Kontagora,NG,10.3999,5.4695,69.75,97,84,6.76,moderate rain
567,Kemerovo,RU,55.3333,86.0833,69.49,52,0,8.95,clear sky
568,Sao Jose Da Coroa Grande,BR,-8.8978,-35.1478,75.72,71,82,7.47,broken clouds
569,Bissau,GW,11.8636,-15.5977,78.69,85,100,8.05,light rain
570,Lastoursville,GA,-0.8143,12.7287,70.23,97,94,1.81,overcast clouds
571,Tongchuan,CN,35.0806,109.0897,75.42,51,0,6.73,clear sky
572,Kampene,CD,-3.6,26.6667,70.34,87,46,1.21,scattered clouds
573,Verkhoshizhemye,RU,58.011,49.1038,42.17,71,16,7.02,few clouds
574,Walvis Bay,NA,-22.9575,14.5053,49.08,100,0,11.5,clear sky
575,Hofn,IS,64.2539,-15.2082,52.77,71,82,4.72,broken clouds
576,Hue,VN,16.4667,107.6,80.71,89,75,4.61,broken clouds
577,Aripuana,BR,-9.1667,-60.6333,72.7,87,46,1.5,scattered clouds
578,Gwadar,PK,25.1216,62.3254,81.27,79,15,3.6,few clouds
579,Eenhana,NA,-17.4667,16.3333,60.55,19,0,4.85,clear sky
580,Banda Aceh,ID,5.5577,95.3222,85.66,64,26,5.99,scattered clouds
581,Torres,BR,-29.3353,-49.7269,63.82,95,100,13.51,moderate rain
582,Cairns,AU,-16.9167,145.7667,78.06,65,90,23.02,overcast clouds
583,Khanpur,PK,28.6453,70.6567,104.04,28,96,4.25,overcast clouds
584,Praia,CV,14.9215,-23.5087,77.54,94,20,2.3,few clouds
585,Saint-Francois,FR,46.4154,3.9054,58.17,93,0,2.3,clear sky
586,Najran,SA,17.4924,44.1277,75.85,16,80,5.77,broken clouds
587,Grand Gaube,MU,-20.0064,57.6608,72.37,65,82,8.01,broken clouds
588,Tarakan,ID,3.3,117.6333,87.3,70,40,3.44,scattered clouds
589,Yangjiang,CN,21.85,111.9667,86.76,73,42,12.86,light rain
590,Acapulco,MX,16.8634,-99.8901,79.18,86,100,2.64,overcast clouds
591,Gat,IL,31.61,34.7642,75.9,68,6,4.41,clear sky
592,Trapani,IT,37.8333,12.6667,68.27,100,20,4.61,few clouds
593,San Jose Del Palmar,CO,4.9742,-76.2283,62.46,100,99,1.12,overcast clouds
594,Nikki,BJ,9.9401,3.2108,68.97,97,18,3.78,few clouds
595,Varhaug,NO,58.6147,5.6457,58.55,94,100,3.58,overcast clouds
596,Vestmanna,FO,62.1564,-7.1664,52.72,100,90,10.36,heavy intensity drizzle
597,Jiaozuo,CN,35.2397,113.2331,80.53,56,2,7.16,clear sky
598,Manta,EC,-0.95,-80.7333,73.18,88,90,11.5,overcast clouds
599,Sandwick,GB,60.0,-1.25,55.22,100,90,14.97,overcast clouds
600,Talnakh,RU,69.4865,88.3972,57.43,51,26,11.23,scattered clouds
601,Deputatskiy,RU,69.3,139.9,35.29,66,100,13.73,overcast clouds
602,Normandin,CA,48.8333,-72.5321,55.71,94,66,6.91,broken clouds
603,Yarada,IN,17.65,83.2667,84.52,84,75,10.36,mist
604,Ures,MX,29.4333,-110.4,85.23,77,71,4.18,broken clouds
605,Ponta Delgada,PT,37.7333,-25.6667,68.72,83,20,8.05,few clouds
606,Havelock,US,34.8791,-76.9013,78.93,91,14,1.63,few clouds
607,Mayumba,GA,-3.432,10.6554,72.48,87,65,3.44,broken clouds
608,Adrar,MR,20.5022,-10.0711,88.48,25,82,9.69,broken clouds
609,Dourados,BR,-22.2211,-54.8056,77.68,49,21,6.76,few clouds
610,Gwembe,ZM,-16.4975,27.6069,64.13,35,0,2.21,clear sky
611,Turgoyak,RU,55.15,60.1183,50.83,53,4,5.79,clear sky
612,Samarai,PG,-10.6167,150.6667,78.93,69,91,18.23,overcast clouds
613,Nemuro,JP,43.3236,145.575,68.43,69,27,10.42,scattered clouds
614,Karibib,NA,-21.9333,15.8333,56.7,11,0,8.7,clear sky
615,Mongu,ZM,-15.2484,23.1274,64.67,30,0,7.9,clear sky
616,Ampanihy,MG,-24.7,44.75,73.29,45,0,9.75,clear sky
617,Balgazyn,RU,51.0,95.2,71.13,31,0,10.65,clear sky
618,Hokitika,NZ,-42.7167,170.9667,50.67,87,88,27.47,overcast clouds
619,Bratsk,RU,56.1325,101.6142,48.69,78,97,2.64,overcast clouds
620,Aksarka,RU,66.5606,67.7975,45.37,64,100,18.21,overcast clouds
621,Ambulu,ID,-8.345,113.6058,87.67,57,72,11.12,broken clouds
622,Roma,US,43.2128,-75.4557,66.06,90,90,0.0,overcast clouds
623,Bratislava,SK,48.1482,17.1067,60.49,78,0,3.44,clear sky
624,Balikpapan,ID,-1.2675,116.8289,83.39,79,40,8.05,scattered clouds
625,Ozernovskiy,RU,51.5,156.5167,52.54,82,82,15.03,broken clouds
626,Jega,NG,12.2175,4.3792,75.74,87,69,9.13,broken clouds
627,Ayotzintepec,MX,17.6667,-96.1333,74.03,99,99,2.42,overcast clouds
628,Hay River,CA,60.8156,-115.7999,57.18,82,75,6.91,broken clouds
629,Linhares,BR,-19.3911,-40.0722,72.54,84,58,6.71,broken clouds
630,Laela,TZ,-8.5667,32.05,62.8,58,40,2.68,scattered clouds
631,Shakawe,BW,-18.3667,21.85,64.02,32,29,3.38,scattered clouds
632,Lubango,AO,-14.9172,13.4925,58.87,31,13,4.99,few clouds
633,Wichita Falls,US,33.9137,-98.4934,81.66,59,1,5.01,clear sky
634,Port Moresby,PG,-9.4431,147.1797,87.22,58,40,23.02,haze
635,Rio Gallegos,AR,-51.6226,-69.2181,42.85,81,20,5.75,few clouds
636,Yayva,RU,59.3303,57.2641,46.09,63,100,9.28,overcast clouds
637,Polunochnoye,RU,60.8697,60.4153,41.67,71,72,8.88,broken clouds
638,Sikeston,US,36.8767,-89.5879,67.89,100,1,0.0,clear sky
639,Bolivar,US,37.6145,-93.4105,74.1,76,1,8.88,clear sky
640,Harper,LR,4.375,-7.7169,75.36,89,49,5.82,light rain
641,Soe,ID,-9.8607,124.284,78.28,50,41,13.2,scattered clouds
642,Paldiski,EE,59.3567,24.0531,54.41,100,75,9.22,broken clouds
643,Honiara,SB,-9.4333,159.95,81.45,81,96,3.71,overcast clouds
644,Nusaybin,TR,37.0778,41.2178,84.92,23,0,2.93,clear sky
645,Lasem,ID,-6.6922,111.4527,90.86,47,27,7.63,scattered clouds
646,Arzachena,IT,41.0769,9.3887,58.44,67,0,2.46,clear sky
647,Napier,NZ,-39.4833,176.9167,62.28,64,100,5.99,moderate rain
648,Mayor Pablo Lagerenza,PY,-19.9309,-60.7718,90.19,25,0,12.77,clear sky
649,Taxisco,GT,14.0708,-90.4631,82.74,95,94,3.04,overcast clouds
650,Yaan,NG,7.3833,8.5667,70.83,99,100,3.56,moderate rain
651,Malakal,SS,9.5334,31.6605,72.46,93,88,1.43,overcast clouds
652,Vestnes,NO,62.6264,7.0884,61.92,94,75,2.3,drizzle rain
653,Hillsboro,US,45.5229,-122.9898,75.25,55,1,6.91,clear sky
654,Nador,MA,35.174,-2.9287,73.65,83,0,2.3,clear sky
655,Teguldet,RU,57.3064,88.1667,63.66,34,32,2.82,scattered clouds
656,Toora-Khem,RU,52.4675,96.11,66.56,35,2,11.5,clear sky
657,Pemangkat,ID,1.1667,108.9667,83.5,71,53,7.2,broken clouds
658,Nouadhibou,MR,20.931,-17.0347,69.78,94,20,16.11,few clouds
659,Sarkand,KZ,45.41,79.9186,90.28,11,0,6.96,clear sky
660,Arcata,US,40.8665,-124.0828,70.75,89,1,3.44,mist
661,Zhezkazgan,KZ,47.8043,67.7144,73.74,26,0,6.38,clear sky
662,Bumba,CD,2.1833,22.4667,69.37,98,99,1.12,light rain
663,Shimoda,JP,34.6667,138.95,75.56,63,66,12.33,broken clouds
664,San Juan De Abajo,MX,20.8167,-105.1833,75.67,93,100,2.82,overcast clouds
665,Zhanaozen,KZ,43.3,52.8,73.69,34,60,18.45,broken clouds
666,Casimiro Castillo,MX,19.6,-104.4333,73.06,97,100,2.39,overcast clouds
667,Tashtyp,RU,52.7939,89.8983,74.68,39,87,4.03,overcast clouds
668,Singapore,SG,1.2897,103.8501,86.04,73,75,11.5,broken clouds
669,Saint-Leu,RE,-21.15,55.2833,71.67,65,69,4.18,broken clouds
670,Kavarskas,LT,55.4333,24.9167,46.6,81,75,5.93,broken clouds
671,Istok,XK,42.7808,20.4875,55.17,62,17,3.42,few clouds
672,Yatou,CN,37.15,122.3833,70.7,78,100,19.06,light rain
673,Farafangana,MG,-22.8167,47.8333,69.51,81,82,8.25,light rain
674,Nazare,BR,-13.035,-39.0144,68.67,99,14,0.87,few clouds
675,Dese,ET,11.1333,39.6333,59.29,75,99,1.28,overcast clouds
676,Mbandaka,CD,0.0487,18.2603,68.05,97,100,1.66,overcast clouds
677,Smolenka,RU,52.1352,113.4974,48.27,57,40,11.18,scattered clouds
678,Kawalu,ID,-7.3817,108.2082,80.85,74,75,5.61,broken clouds
679,Preeceville,CA,51.95,-102.6677,54.32,69,18,9.62,few clouds
680,Erdemli,TR,36.605,34.3084,80.58,62,0,3.04,clear sky
681,Chicama,PE,-7.8447,-79.1469,62.91,88,78,6.55,broken clouds
682,Kamenka,RU,51.3223,42.7678,49.39,52,62,6.02,broken clouds
683,Linz,AT,48.3064,14.2861,59.9,88,95,1.14,fog
684,Grand Haven,US,43.0631,-86.2284,58.46,83,1,3.44,clear sky
685,Okhotsk,RU,59.3833,143.3,65.8,42,37,10.38,scattered clouds
686,Guapo,BR,-16.8306,-49.5319,70.18,28,3,4.12,clear sky
687,Cotonou,BJ,6.3654,2.4183,76.98,94,40,1.14,scattered clouds
